{"cnn": {"mfcc": [{"train_loss": [18.277687788009644, 7.215566992759705, 5.073396563529968, 3.943306565284729, 3.01006543636322, 2.295171797275543, 1.7319369614124298, 1.2968544960021973, 0.9581339657306671, 0.6577170044183731, 0.5179542675614357, 0.3809458315372467, 0.3169886842370033, 0.1971515379846096, 0.14134850725531578, 0.09243366122245789], "train_Accuracy": [0.2343749962747097, 0.3723958358168602, 0.5520833358168602, 0.640625, 0.7421874850988388, 0.8463541567325592, 0.90625, 0.9322916716337204, 0.9583333432674408, 0.984375, 0.9895833283662796, 0.9947916567325592, 0.9947916567325592, 1.0, 1.0, 1.0], "val_loss": [2.1045169830322266, 1.4765151739120483, 1.3321527242660522, 1.2388242483139038, 1.1666203737258911, 1.1135176420211792, 1.1228529214859009, 1.1525332927703857, 1.2671082019805908, 1.2095626592636108, 1.201844573020935, 1.2970333099365234, 1.369032859802246, 1.3822604417800903, 1.3689981698989868, 1.3647174835205078], "val_Accuracy": [0.3020833432674408, 0.4895833432674408, 0.53125, 0.5729166865348816, 0.6041666865348816, 0.5833333134651184, 0.5416666865348816, 0.6041666865348816, 0.6041666865348816, 0.625, 0.6458333134651184, 0.59375, 0.59375, 0.625, 0.6145833134651184, 0.6354166865348816]}, {"train_loss": [17.90953826904297, 7.254170536994934, 5.7270747423172, 4.749565482139587, 4.005728483200073, 3.263879716396332, 2.6653239727020264, 2.252283424139023, 1.790206402540207, 1.372636616230011, 1.0901727378368378, 0.8634354621171951, 0.7397813200950623, 0.6953634694218636, 0.4799814373254776, 0.4842836931347847, 0.43013813346624374, 0.2443467155098915], "train_Accuracy": [0.1744791641831398, 0.3567708283662796, 0.4817708358168602, 0.5859375, 0.65625, 0.7213541716337204, 0.8072916716337204, 0.8489583283662796, 0.8984375, 0.9322916567325592, 0.9453125, 0.9635416716337204, 0.984375, 0.9713541567325592, 0.9947916567325592, 0.984375, 0.9765624850988388, 0.9973958283662796], "val_loss": [2.1921226978302, 1.5935535430908203, 1.40806245803833, 1.3601799011230469, 1.3023022413253784, 1.2655504941940308, 1.24809730052948, 1.2332258224487305, 1.2575072050094604, 1.309066653251648, 1.3752995729446411, 1.35393226146698, 1.2927626371383667, 1.3184930086135864, 1.3935867547988892, 1.4053202867507935, 1.4320306777954102, 1.4418197870254517], "val_Accuracy": [0.1979166716337204, 0.3541666567325592, 0.4895833432674408, 0.53125, 0.46875, 0.5104166865348816, 0.5416666865348816, 0.5520833134651184, 0.53125, 0.5208333134651184, 0.53125, 0.5625, 0.59375, 0.5729166865348816, 0.59375, 0.625, 0.5208333134651184, 0.5729166865348816]}, {"train_loss": [25.775054931640625, 8.450708866119385, 6.040244698524475, 4.769037127494812, 3.836666762828827, 3.0616161227226257, 2.4658584594726562, 1.9908940494060516, 1.5883293151855469, 1.2489638328552246, 0.975471705198288, 0.7466212213039398, 0.60719795525074, 0.4920802190899849, 0.3748563453555107, 0.29944612458348274, 0.23045635223388672, 0.15285855904221535, 0.09986561723053455, 0.07856698520481586, 0.06188919208943844, 0.05315252486616373], "train_Accuracy": [0.2031249962747097, 0.3203125, 0.4869791641831398, 0.6015625, 0.6822916716337204, 0.7552083432674408, 0.8255208283662796, 0.875, 0.9114583432674408, 0.9505208283662796, 0.96875, 0.9817708432674408, 0.9843750149011612, 0.9895833283662796, 0.9947916567325592, 0.9947916567325592, 0.9947916716337204, 1.0, 1.0, 1.0, 1.0, 1.0], "val_loss": [2.6614484786987305, 1.8916584253311157, 1.6003694534301758, 1.4253231287002563, 1.3619595766067505, 1.3232342004776, 1.3324953317642212, 1.371733546257019, 1.351613998413086, 1.3497638702392578, 1.3427886962890625, 1.3132373094558716, 1.3264573812484741, 1.423726201057434, 1.4378453493118286, 1.4028068780899048, 1.5712970495224, 1.4399352073669434, 1.499857783317566, 1.4979130029678345, 1.5186275243759155, 1.5350990295410156], "val_Accuracy": [0.28125, 0.3333333432674408, 0.46875, 0.5520833134651184, 0.5833333134651184, 0.59375, 0.6145833134651184, 0.6041666865348816, 0.6041666865348816, 0.59375, 0.625, 0.6458333134651184, 0.6458333134651184, 0.59375, 0.6145833134651184, 0.6041666865348816, 0.59375, 0.625, 0.65625, 0.6458333134651184, 0.65625, 0.65625]}, {"train_loss": [21.877842903137207, 8.221601247787476, 5.998190879821777, 4.661283016204834, 3.909265875816345, 3.220964729785919, 2.667555809020996, 2.1802951097488403, 1.845900058746338, 1.5323489010334015, 1.25907763838768, 1.0251133292913437, 0.8501633256673813, 0.7655078917741776, 0.7930618226528168, 0.7388864308595657, 0.7476345151662827, 0.5268268659710884], "train_Accuracy": [0.1666666679084301, 0.3359374962747097, 0.5182291716337204, 0.6067708432674408, 0.6614583432674408, 0.7473958283662796, 0.8020833283662796, 0.8671875, 0.8906249850988388, 0.8984375, 0.9348958283662796, 0.9505208432674408, 0.9713541567325592, 0.9609375, 0.9531249850988388, 0.9583333432674408, 0.953125, 0.9661458283662796], "val_loss": [2.605083703994751, 1.9095736742019653, 1.5547832250595093, 1.414014458656311, 1.3560153245925903, 1.326137900352478, 1.314362645149231, 1.3134865760803223, 1.3279756307601929, 1.3799420595169067, 1.3982130289077759, 1.4325815439224243, 1.4770654439926147, 1.5583124160766602, 1.6704434156417847, 1.6896382570266724, 1.9272851943969727, 1.8284634351730347], "val_Accuracy": [0.1666666716337204, 0.3854166567325592, 0.46875, 0.53125, 0.5208333134651184, 0.5208333134651184, 0.5729166865348816, 0.5416666865348816, 0.5520833134651184, 0.5729166865348816, 0.6041666865348816, 0.53125, 0.625, 0.5520833134651184, 0.5416666865348816, 0.5104166865348816, 0.5520833134651184, 0.5625]}, {"train_loss": [17.300918102264404, 6.900367856025696, 5.134406685829163, 4.213437139987946, 3.233468234539032, 2.587782621383667, 2.102694869041443, 1.6440894305706024, 1.3834638893604279, 1.0908014476299286, 0.8895783424377441, 0.7938942015171051, 0.6391740590333939, 0.8081502467393875, 0.7969616949558258, 0.6745806932449341, 1.0631194114685059, 0.6828585639595985], "train_Accuracy": [0.18749999813735485, 0.3958333283662796, 0.5651041716337204, 0.6484374850988388, 0.7317708432674408, 0.7994791716337204, 0.8619791716337204, 0.8932291716337204, 0.9218749850988388, 0.9505208432674408, 0.9583333432674408, 0.9661458283662796, 0.9739583432674408, 0.9505208432674408, 0.953125, 0.9583333432674408, 0.9270833432674408, 0.953125], "val_loss": [2.1188108921051025, 1.479757308959961, 1.2508020401000977, 1.1566156148910522, 1.0587788820266724, 1.0462433099746704, 0.9864325523376465, 0.9360806345939636, 1.0589743852615356, 1.0698515176773071, 1.0151102542877197, 1.0622143745422363, 0.9859399199485779, 1.0573965311050415, 1.1351920366287231, 1.2144240140914917, 1.2839479446411133, 1.211650013923645], "val_Accuracy": [0.28125, 0.4791666567325592, 0.5416666865348816, 0.5729166865348816, 0.59375, 0.59375, 0.6458333134651184, 0.6770833134651184, 0.6458333134651184, 0.625, 0.6770833134651184, 0.6354166865348816, 0.6875, 0.6458333134651184, 0.6979166865348816, 0.6458333134651184, 0.625, 0.6145833134651184]}], "melc": [{"train_loss": [28.71632981300354, 8.378920793533325, 4.895644307136536, 3.276068150997162, 2.1076422333717346, 1.2943894863128662, 0.7917792499065399, 0.5488023087382317, 0.38121797889471054, 0.25942058116197586, 0.17038969695568085, 0.1055096834897995, 0.07593442872166634, 0.06232698354870081, 0.051666599698364735, 0.0445937467738986, 0.03889373503625393], "train_Accuracy": [0.13281249813735485, 0.3177083320915699, 0.5677083283662796, 0.7161458432674408, 0.8541666716337204, 0.9348958432674408, 0.96875, 0.9869791716337204, 0.9973958283662796, 0.9947916567325592, 1.0, 1.0, 1.0, 1.0, 1.0, 1.0, 1.0], "val_loss": [3.1962366104125977, 2.0443873405456543, 1.6416040658950806, 1.552559494972229, 1.4347896575927734, 1.4010857343673706, 1.3961868286132812, 1.4287790060043335, 1.5151616334915161, 1.5182026624679565, 1.525228500366211, 1.5025925636291504, 1.5252585411071777, 1.5369787216186523, 1.5540903806686401, 1.5644475221633911, 1.580548882484436],