{"cnn": {"mfcc": [], "melc": [{"train_loss": [9.42387843132019, 8.794402122497559, 8.407089233398438, 7.913054466247559, 7.303390145301819, 6.506656169891357, 5.98346734046936, 5.7294687032699585, 5.839602947235107, 5.436517357826233, 5.334511756896973, 5.005448579788208, 4.8558429479599, 4.633279323577881, 4.622870445251465, 4.70972204208374, 4.302293539047241, 4.148465633392334, 4.102029323577881, 3.7442599534988403, 3.8371129631996155, 3.626725435256958, 3.294334828853607, 3.5023351907730103, 3.665149509906769, 3.5083051323890686, 3.3293192386627197, 2.981934905052185, 3.1700899600982666, 3.0385377407073975, 3.03082138299942, 3.2295578122138977, 2.9310354590415955, 3.0476900935173035, 3.431938946247101, 2.762286365032196, 2.7252153158187866], "train_Accuracy": [0.14749999903142452, 0.17749999836087227, 0.2800000011920929, 0.3100000098347664, 0.38499999791383743, 0.42499998956918716, 0.4699999988079071, 0.4699999988079071, 0.4649999961256981, 0.5075000002980232, 0.4950000047683716, 0.5349999964237213, 0.564999982714653, 0.5875000059604645, 0.5900000035762787, 0.5599999874830246, 0.6200000047683716, 0.6200000047683716, 0.6375000029802322, 0.6500000059604645, 0.6474999934434891, 0.6825000047683716, 0.7075000107288361, 0.7050000131130219, 0.675000011920929, 0.6725000143051147, 0.7124999910593033, 0.7674999982118607, 0.6950000077486038, 0.739999994635582, 0.7275000065565109, 0.7224999964237213, 0.7349999994039536, 0.7275000065565109, 0.6775000095367432, 0.7424999922513962, 0.7650000005960464], "val_loss": [2.1799280643463135, 2.0794060230255127, 1.9617679119110107, 1.797692060470581, 1.7032231092453003, 1.5224316120147705, 1.5641635656356812, 1.4759684801101685, 1.4466787576675415, 1.3177521228790283, 1.2897834777832031, 1.3491438627243042, 1.303023099899292, 1.2872281074523926, 1.426021933555603, 1.275394082069397, 1.3354204893112183, 1.290654182434082, 1.4291534423828125, 1.3781952857971191, 1.167126178741455, 1.054726243019104, 1.133557915687561, 1.3576115369796753, 1.3626434803009033, 1.2766618728637695, 1.0463967323303223, 1.1797198057174683, 1.3222320079803467, 1.1964703798294067, 1.345654010772705, 1.265466332435608, 1.5420016050338745, 1.3736681938171387, 1.2205090522766113, 1.3981915712356567, 1.1958963871002197], "val_Accuracy": [0.25, 0.27000001072883606, 0.4000000059604645, 0.4699999988079071, 0.4300000071525574, 0.5099999904632568, 0.49000000953674316, 0.5099999904632568, 0.5199999809265137, 0.5600000023841858, 0.5600000023841858, 0.5299999713897705, 0.550000011920929, 0.550000011920929, 0.5400000214576721, 0.6000000238418579, 0.5600000023841858, 0.5699999928474426, 0.47999998927116394, 0.5699999928474426, 0.6200000047683716, 0.699999988079071, 0.6800000071525574, 0.6000000238418579, 0.6000000238418579, 0.5600000023841858, 0.6800000071525574, 0.6600000262260437, 0.5799999833106995, 0.6399999856948853, 0.5699999928474426, 0.5799999833106995, 0.5199999809265137, 0.5899999737739563, 0.6200000047683716, 0.6000000238418579, 0.6499999761581421]}, {"train_loss": [9.241939783096313, 8.818360090255737, 8.268998384475708, 7.7032976150512695, 7.232331275939941, 6.743210673332214, 6.103009819984436, 5.607238292694092, 5.748479962348938, 5.135226011276245, 4.822384834289551, 4.5674766302108765, 4.682010531425476, 4.263459146022797, 4.690018653869629, 4.409902930259705, 3.982705593109131, 4.062847197055817, 3.837932825088501, 3.8888567686080933, 4.080180525779724, 3.604673147201538, 3.5894203186035156, 3.5967044830322266, 3.308991491794586, 3.193093419075012, 3.101535677909851, 2.8898446559906006, 2.901927947998047, 3.275870203971863, 2.6900293827056885, 2.5649830102920532, 2.586482882499695, 2.7933384776115417, 2.425333261489868, 2.8824084997177124, 2.4055082201957703, 2.315318614244461, 2.2863625288009644, 2.3371458053588867, 2.502211809158325, 2.3882475793361664, 1.8568483293056488, 2.1965977251529694, 2.177213132381439, 1.9523197710514069, 1.6022802591323853, 1.5591196417808533, 2.1499303579330444, 1.9288375079631805, 1.5798764824867249, 1.6342102885246277, 1.7694159150123596, 1.799206405878067, 1.9205433428287506, 1.5504565834999084, 1.7009818255901337, 1.539817065000534, 1.4727903604507446, 1.1329496949911118, 1.0284166187047958, 0.8119073361158371, 1.448235958814621, 1.289437010884285], "train_Accuracy": [0.15000000037252903, 0.22999999672174454, 0.2850000001490116, 0.3450000062584877, 0.3799999952316284, 0.4124999940395355, 0.47999999672174454, 0.4924999922513962, 0.48749998956918716, 0.5875000059604645, 0.5850000008940697, 0.5949999988079071, 0.5775000005960464, 0.6299999952316284, 0.5949999988079071, 0.5974999964237213, 0.6674999892711639, 0.625, 0.625, 0.6625000089406967, 0.6424999982118607, 0.7049999982118607, 0.6749999970197678, 0.6700000166893005, 0.7025000005960464, 0.7049999982118607, 0.7549999952316284, 0.737500011920929, 0.7574999779462814, 0.7325000166893005, 0.7625000029802322, 0.7724999934434891, 0.7774999886751175, 0.75, 0.7999999821186066, 0.760000005364418, 0.7800000160932541, 0.7924999892711639, 0.8100000023841858, 0.7749999910593033, 0.7699999958276749, 0.7800000011920929, 0.8650000095367432, 0.8099999874830246, 0.8125, 0.8425000011920929, 0.8600000143051147, 0.867499977350235, 0.802499994635582, 0.8124999850988388, 0.8725000023841858, 0.8675000071525574, 0.8424999862909317, 0.8349999934434891, 0.8349999934434891, 0.8800000101327896, 0.8425000011920929, 0.8700000047683716, 0.875, 0.9150000065565109, 0.8974999934434891, 0.9300000071525574, 0.8875000029802322, 0.8775000125169754], "val_loss": [2.2311208248138428, 2.135596513748169, 2.0337462425231934, 1.9566657543182373, 1.8424596786499023, 1.6699507236480713, 1.5409176349639893, 1.7584666013717651, 1.4115928411483765, 1.3484371900558472, 1.4741225242614746, 1.2932162284851074, 1.4604893922805786, 1.4732022285461426, 1.2456914186477661, 1.4016209840774536, 1.4581804275512695, 1.4096308946609497, 1.6185553073883057, 1.5875632762908936, 1.3025540113449097, 1.5506258010864258, 1.2060993909835815, 1.2468189001083374, 1.1802525520324707, 1.361029863357544, 1.174343228340149, 1.305490255355835, 1.2591660022735596, 1.246527075767517, 1.4563533067703247, 1.6000354290008545, 1.1902910470962524, 1.1861109733581543, 1.2267985343933105, 1.1117119789123535, 1.1873852014541626, 1.1638456583023071, 1.2978630065917969, 1.4352978467941284, 1.1393921375274658, 1.0769726037979126, 1.1547703742980957, 1.1606736183166504, 1.0746880769729614, 1.2667644023895264, 1.5828953981399536, 1.3576719760894775, 1.0859259366989136, 1.3184374570846558, 1.2176493406295776, 1.5075076818466187, 1.2341541051864624, 1.0201690196990967, 1.235772967338562, 1.2650669813156128, 1.2632697820663452, 1.2147539854049683, 1.232704520225525, 1.2275158166885376, 1.1950889825820923, 1.5353831052780151, 1.0286176204681396, 1.1885696649551392],