{"rnn": {"mfcc": [{"train_loss": [8.797205209732056, 7.185309410095215, 6.277953624725342, 5.594084620475769, 5.01604962348938, 4.5190489292144775, 4.039538085460663, 3.537924647331238, 3.1315768361091614, 2.6739588379859924, 2.319835603237152, 1.9705904424190521], "train_Accuracy": [0.20572916977107525, 0.3958333358168602, 0.4739583507180214, 0.533854179084301, 0.5729166716337204, 0.6171875, 0.6744791567325592, 0.7317708283662796, 0.78125, 0.8125, 0.8567708283662796, 0.8776041567325592], "val_loss": [2.1000821590423584, 2.0460054874420166, 2.0574605464935303, 2.074775457382202, 2.084214210510254, 2.0991859436035156, 2.129143476486206, 2.1506831645965576, 2.243574619293213, 2.333186626434326, 2.425809621810913, 2.462589740753174], "val_Accuracy": [0.2916666567325592, 0.3229166567325592, 0.2604166567325592, 0.3333333432674408, 0.3333333432674408, 0.34375, 0.34375, 0.3541666567325592, 0.3333333432674408, 0.3333333432674408, 0.34375, 0.3958333432674408]}, {"train_loss": [8.876246452331543, 7.283691763877869, 6.466158151626587, 5.869954466819763, 5.311556339263916, 4.827741503715515, 4.3419288992881775, 3.873242974281311, 3.404313564300537, 2.994607985019684, 2.6696141958236694, 2.3234684467315674, 2.031962901353836, 1.8272148668766022, 1.6297752559185028, 1.4834989309310913], "train_Accuracy": [0.1822916641831398, 0.390625, 0.4635416716337204, 0.497395820915699, 0.5807291716337204, 0.625, 0.6614583283662796, 0.7005208283662796, 0.75, 0.8020833283662796, 0.8307291716337204, 0.859375, 0.8776041716337204, 0.8958333432674408, 0.9114583283662796, 0.9322916567325592], "val_loss": [2.00319504737854, 1.9176793098449707, 1.8589047193527222, 1.8147159814834595, 1.801099181175232, 1.799334168434143, 1.8157434463500977, 1.8416423797607422, 1.8849271535873413, 1.9791784286499023, 2.013140916824341, 2.124580144882202, 2.1885077953338623, 2.3014543056488037, 2.3435609340667725, 2.398573160171509], "val_Accuracy": [0.3125, 0.3229166567325592, 0.34375, 0.3645833432674408, 0.3645833432674408, 0.3541666567325592, 0.3541666567325592, 0.3541666567325592, 0.3541666567325592, 0.3541666567325592, 0.3854166567325592, 0.3645833432674408, 0.3645833432674408, 0.3229166567325592, 0.3854166567325592, 0.3645833432674408]}, {"train_loss": [8.755018472671509, 7.149194955825806, 6.307014107704163, 5.624749064445496, 5.004753947257996, 4.464288830757141, 3.9497926235198975, 3.4667526483535767, 3.0258883237838745, 2.7780542373657227, 2.4276023507118225, 2.090940088033676, 1.8684689402580261, 1.7059712707996368], "train_Accuracy": [0.21614582650363445, 0.3932291641831398, 0.4765625, 0.546875, 0.6041666716337204, 0.6432291716337204, 0.7083333432674408, 0.7630208283662796, 0.8125, 0.8046875, 0.8359374850988388, 0.8854166716337204, 0.8984375, 0.9036458432674408], "val_loss": [2.0971970558166504, 1.9877036809921265, 1.90116548538208, 1.8530298471450806, 1.8833909034729004, 1.958238959312439, 2.0584075450897217, 2.1281721591949463, 2.191045045852661, 2.256272554397583, 2.379640817642212, 2.4153549671173096, 2.443182945251465, 2.554865598678589], "val_Accuracy": [0.2395833283662796, 0.28125, 0.3541666567325592, 0.34375, 0.3229166567325592, 0.3333333432674408, 0.34375, 0.3020833432674408, 0.3229166567325592, 0.3125, 0.2916666567325592, 0.3020833432674408, 0.3333333432674408, 0.3020833432674408]}, {"train_loss": [9.092684268951416, 7.419275641441345, 6.489577054977417, 5.823255181312561, 5.266534447669983, 4.782960057258606, 4.2863829135894775, 3.8418073058128357, 3.448236048221588, 3.0914239287376404, 2.772245228290558, 2.4018569588661194, 2.1573947072029114, 2.006998300552368, 1.8015438914299011], "train_Accuracy": [0.2187499962747097, 0.3880208358168602, 0.4817708283662796, 0.5156250074505806, 0.5703125, 0.6119791567325592, 0.6744791716337204, 0.6927083283662796, 0.7421875, 0.7630208283662796, 0.8098958283662796, 0.8385416567325592, 0.8619791716337204, 0.8776041865348816, 0.8854166567325592], "val_loss": [2.009107828140259, 1.7853895425796509, 1.7236899137496948, 1.6737905740737915, 1.6733356714248657, 1.6934677362442017, 1.6911293268203735, 1.7549062967300415, 1.859466552734375, 1.9032834768295288, 1.9284261465072632, 2.0137431621551514, 2.083091974258423, 2.180664300918579, 2.3604671955108643], "val_Accuracy": [0.2916666567325592, 0.3958333432674408, 0.3645833432674408, 0.4270833432674408, 0.4375, 0.4166666567325592, 0.3958333432674408, 0.375, 0.3333333432674408, 0.3645833432674408, 0.3229166567325592, 0.3541666567325592, 0.375, 0.3229166567325592, 0.3125]}, {"train_loss": [8.892722606658936, 7.347971677780151, 6.469423413276672, 5.799771785736084, 5.152653336524963, 4.625579237937927, 4.112997829914093, 3.608807861804962, 3.1901639103889465, 2.8096198439598083, 2.4560364484786987, 2.2030385732650757, 1.9771859347820282, 1.785799354314804], "train_Accuracy": [0.2005208320915699, 0.3567708358168602, 0.4791666641831398, 0.5416666716337204, 0.5859375, 0.6536458283662796, 0.6822916716337204, 0.7578125, 0.7734375149011612, 0.8046875, 0.828125, 0.8489583432674408, 0.8828124850988388, 0.8776041567325592], "val_loss": [2.005126476287842, 1.8755420446395874, 1.777867317199707, 1.7494425773620605, 1.7649508714675903, 1.8194470405578613, 1.8593717813491821, 1.9188714027404785, 1.9763587713241577, 2.0237319469451904, 2.1537489891052246, 2.249539613723755, 2.2884232997894287, 2.3536806106567383], "val_Accuracy": [0.2916666567325592, 0.3645833432674408, 0.3854166567325592, 0.4375, 0.4479166567325592, 0.4375, 0.4270833432674408, 0.4166666567325592, 0.4270833432674408, 0.4166666567325592, 0.4270833432674408, 0.4166666567325592, 0.40625, 0.4375]}], "melc": []}}