{"lstm": {"mfcc": [], "melc": [{"train_loss": [9.030782222747803, 8.256982684135437, 7.275036811828613, 6.5302815437316895, 6.399674892425537, 5.996569991111755, 5.617109417915344, 5.388378262519836, 5.256284832954407, 5.094218850135803, 4.997579455375671, 4.723256468772888, 4.648635268211365, 4.287310600280762, 4.145515978336334, 3.984765946865082, 4.2711803913116455, 4.026769816875458, 4.222488105297089, 4.212148487567902, 3.603531002998352, 3.6804038882255554, 4.128155767917633, 3.8610892295837402, 3.6763452291488647, 3.632391929626465, 3.590139389038086, 3.341055154800415, 4.298938274383545, 4.330259382724762, 3.717549681663513, 3.33444744348526, 3.0085869431495667, 2.725095570087433, 2.5069944262504578, 2.738213062286377, 2.935845911502838], "train_Accuracy": [0.1614583320915699, 0.3255208283662796, 0.4036458283662796, 0.4088541716337204, 0.4322916716337204, 0.4401041716337204, 0.4843750149011612, 0.5390625, 0.5520833358168602, 0.53125, 0.5598958283662796, 0.5911458283662796, 0.59375, 0.6171875, 0.6510416567325592, 0.6588541567325592, 0.6380208283662796, 0.6380208283662796, 0.6302083283662796, 0.6276041716337204, 0.6848958283662796, 0.6796875, 0.6510416716337204, 0.6692708283662796, 0.6927083432674408, 0.671875, 0.6953125, 0.7083333432674408, 0.6276041716337204, 0.6067708283662796, 0.6875, 0.7057291567325592, 0.7421875, 0.7760416567325592, 0.7994791716337204, 0.7734375, 0.7552083432674408], "val_loss": [2.1410443782806396, 1.9181675910949707, 1.6932029724121094, 1.7014703750610352, 1.6020102500915527, 1.5735784769058228, 1.3995600938796997, 1.4296666383743286, 1.3442753553390503, 1.3231230974197388, 1.3232442140579224, 1.4842287302017212, 1.3801045417785645, 1.2577849626541138, 1.2526702880859375, 1.3851803541183472, 1.4502466917037964, 1.337370753288269, 1.3320670127868652, 1.3786619901657104, 1.2781414985656738, 1.5206648111343384, 1.2846277952194214, 1.2366068363189697, 1.3438901901245117, 1.2796648740768433, 1.1608444452285767, 1.3777966499328613, 1.4736738204956055, 1.2247084379196167, 1.3169012069702148, 1.3214839696884155, 1.2665385007858276, 1.2803550958633423, 1.2780449390411377, 1.2641252279281616, 1.2671653032302856], "val_Accuracy": [0.3229166567325592, 0.3854166567325592, 0.40625, 0.375, 0.4270833432674408, 0.4270833432674408, 0.4895833432674408, 0.46875, 0.5625, 0.53125, 0.4791666567325592, 0.4583333432674408, 0.5, 0.5, 0.5104166865348816, 0.5, 0.4375, 0.4895833432674408, 0.4895833432674408, 0.46875, 0.5, 0.4479166567325592, 0.5, 0.5520833134651184, 0.5208333134651184, 0.5416666865348816, 0.5104166865348816, 0.4583333432674408, 0.4791666567325592, 0.5, 0.4791666567325592, 0.4895833432674408, 0.5416666865348816, 0.5, 0.4791666567325592, 0.5625, 0.5520833134651184]}, {"train_loss": [9.119275569915771, 8.558453798294067, 7.567832589149475, 6.830862283706665, 6.39672577381134, 5.926229953765869, 5.663436532020569, 5.2638702392578125, 5.463224649429321, 4.992675542831421, 4.535219788551331, 4.559985399246216, 5.0541850328445435, 4.3417887687683105, 3.9746708273887634, 3.8289923667907715, 3.8843694925308228, 3.652696907520294, 4.066278696060181, 4.794089436531067, 4.162079453468323, 3.5675111413002014, 3.2654691338539124, 3.1879249811172485, 3.279943585395813, 3.331964612007141], "train_Accuracy": [0.1328125, 0.2916666679084301, 0.4036458358168602, 0.4114583358168602, 0.4453125074505806, 0.46875, 0.4661458283662796, 0.4973958358168602, 0.5026041716337204, 0.6015625, 0.6171875, 0.5989583432674408, 0.5338541567325592, 0.6171875, 0.6484375149011612, 0.6536458283662796, 0.6354166716337204, 0.6901041567325592, 0.6328124850988388, 0.5729166567325592, 0.625, 0.6718749850988388, 0.7083333283662796, 0.7395833432674408, 0.7031250149011612, 0.6874999850988388], "val_loss": [2.201056480407715, 2.008197546005249, 1.8324165344238281, 1.6748037338256836, 1.6681729555130005, 1.5452795028686523, 1.5048202276229858, 1.6405912637710571, 1.6415915489196777, 1.4988555908203125, 1.485242247581482, 1.676221251487732, 1.407582402229309, 1.3482304811477661, 1.3976936340332031, 1.3455842733383179, 1.3928722143173218, 1.4352911710739136, 1.6328662633895874, 1.5543204545974731, 1.412238597869873, 1.497933268547058, 1.3862590789794922, 1.430948257446289, 1.5239439010620117, 1.477026343345642], "val_Accuracy": [0.2708333432674408, 0.40625, 0.3854166567325592, 0.4270833432674408, 0.4583333432674408, 0.46875, 0.4791666567325592, 0.40625, 0.4479166567325592, 0.4791666567325592, 0.4895833432674408, 0.4583333432674408, 0.5833333134651184, 0.59375, 0.5104166865348816, 0.5416666865348816, 0.53125, 0.5520833134651184, 0.46875, 0.53125, 0.5208333134651184, 0.5104166865348816, 0.5625, 0.53125, 0.5208333134651184, 0.5104166865348816]}, {"train_loss": [9.176919937133789, 8.501437902450562, 7.67821741104126, 6.961244821548462, 6.757798194885254, 6.157505750656128, 5.600393533706665, 5.675172805786133, 5.848420143127441, 5.302386045455933, 4.910018563270569, 4.9906004667282104, 4.661089658737183, 4.53300666809082, 4.570763111114502, 4.445701003074646, 4.306291282176971, 4.159713387489319, 3.8515994548797607, 3.8091142773628235, 3.700112044811249, 4.081805229187012, 3.7142502069473267, 3.39082008600235, 3.373418867588043, 3.429239571094513, 3.310056447982788, 3.3426783680915833, 3.3479501008987427], "train_Accuracy": [0.14062499720603228, 0.3385416641831398, 0.3619791641831398, 0.4166666716337204, 0.3984375, 0.46875, 0.515625, 0.4973958358168602, 0.4557291641831398, 0.5598958283662796, 0.5625000149011612, 0.5546875, 0.5911458283662796, 0.5963541716337204, 0.5885416716337204, 0.6015625, 0.6302083283662796, 0.6119791567325592, 0.6458333283662796, 0.6770833283662796, 0.6510416567325592, 0.609375, 0.6718749850988388, 0.7031249850988388, 0.7057291716337204, 0.6822916716337204, 0.6953125149011612, 0.6822916716337204, 0.6927083432674408], "val_loss": [2.197406530380249, 1.988326072692871, 1.8271211385726929, 1.7551056146621704, 1.687752366065979, 1.5807353258132935, 1.4803537130355835, 1.5921045541763306, 1.4936542510986328, 1.4805030822753906, 1.5532441139221191, 1.4771333932876587, 1.4559531211853027, 1.3955835103988647, 1.311941385269165, 1.4058574438095093, 1.318365454673767, 1.272420883178711, 1.209022879600525, 1.3370224237442017, 1.3038102388381958, 1.3877339363098145, 1.304134488105774, 1.2998790740966797, 1.4157136678695679, 1.52906334400177, 1.2868590354919434, 1.408241868019104, 1.396010398864746], "val_Accuracy": [0.1875, 0.3333333432674408, 0.375, 0.3645833432674408, 0.3854166567325592, 0.4583333432674408, 0.46875, 0.40625, 0.3958333432674408, 0.46875, 0.4479166567325592, 0.4895833432674408, 0.4791666567325592, 0.4895833432674408, 0.5625, 0.4479166567325592, 0.5104166865348816, 0.5520833134651184, 0.5833333134651184, 0.5208333134651184, 0.5625, 0.5208333134651184, 0.5729166865348816, 0.5729166865348816, 0.5833333134651184, 0.5104166865348816, 0.5520833134651184, 0.5416666865348816, 0.5520833134651184]}, {"train_loss": [9.024472713470459, 8.164860725402832, 7.2376686334609985, 6.474727988243103, 5.971402049064636, 5.621737360954285, 5.278752326965332, 5.082918047904968, 4.6972267627716064, 4.298637628555298, 4.331479430198669, 4.791618824005127, 4.674546480178833, 4.304871320724487, 4.1640982031822205, 3.919219970703125, 3.5529556274414062, 3.4775118827819824, 3.3958499431610107, 3.3579368591308594, 3.0915074944496155, 2.9480111598968506, 2.9841917157173157, 3.112852931022644, 2.9069727659225464, 2.608393132686615, 2.3370898962020874], "train_Accuracy": [0.17447916883975267, 0.296875, 0.390625, 0.4427083358168602, 0.4843750074505806, 0.4973958283662796, 0.5312499850988388, 0.5651041716337204, 0.5885416716337204, 0.6015625, 0.5937499850988388, 0.5885416716337204, 0.59375, 0.6276041567325592, 0.640625, 0.6588541865348816, 0.6796875, 0.6979166716337204, 0.7031249850988388, 0.7031250149011612, 0.7395833432674408, 0.75, 0.7317708283662796, 0.7213541716337204, 0.7630208283662796, 0.7760416567325592, 0.8229166567325592],