{"rnn": {"mfcc": [{"train_loss": [8.908090829849243, 7.308649659156799, 6.582860589027405, 6.0606420040130615, 5.611290097236633, 5.182549476623535, 4.80891752243042, 4.45198130607605, 4.136986255645752, 3.8102745413780212, 3.480248510837555, 3.236461043357849, 3.0314836502075195, 2.838287115097046, 2.5756770968437195], "train_Accuracy": [0.1796875, 0.3723958358168602, 0.4375, 0.486979179084301, 0.5390625, 0.5833333432674408, 0.6223958283662796, 0.6666666567325592, 0.6848958432674408, 0.7057291567325592, 0.7473958432674408, 0.7734375, 0.7838541567325592, 0.7994791716337204, 0.8385416567325592], "val_loss": [2.073591470718384, 2.016744375228882, 2.0025851726531982, 1.9974298477172852, 1.9916785955429077, 2.0017027854919434, 2.024205207824707, 2.02331805229187, 2.040693759918213, 2.0546700954437256, 2.0606181621551514, 2.0811655521392822, 2.088799238204956, 2.13934588432312, 2.1585638523101807], "val_Accuracy": [0.2708333432674408, 0.3020833432674408, 0.3020833432674408, 0.3229166567325592, 0.3333333432674408, 0.3541666567325592, 0.3333333432674408, 0.3541666567325592, 0.34375, 0.3541666567325592, 0.3541666567325592, 0.3645833432674408, 0.3541666567325592, 0.34375, 0.3541666567325592]}, {"train_loss": [8.819080829620361, 7.295198321342468, 6.565178871154785, 6.01202654838562, 5.583325028419495, 5.176685333251953, 4.830318927764893, 4.5438432693481445, 4.264192223548889, 3.9939587712287903, 3.728044807910919, 3.4862139225006104, 3.2447030544281006, 3.0779682993888855], "train_Accuracy": [0.2083333320915699, 0.3880208283662796, 0.4505208358168602, 0.4869791641831398, 0.5208333358168602, 0.546875, 0.6041666716337204, 0.6328125, 0.6692708283662796, 0.7005208283662796, 0.6875, 0.7291666716337204, 0.75, 0.78125], "val_loss": [2.138035774230957, 2.0407631397247314, 1.9863777160644531, 1.9624409675598145, 1.9696273803710938, 1.9831784963607788, 2.0033457279205322, 1.9940532445907593, 2.0009796619415283, 1.9991364479064941, 2.0456011295318604, 2.116773843765259, 2.1015353202819824, 2.0879247188568115], "val_Accuracy": [0.2083333283662796, 0.2604166567325592, 0.2916666567325592, 0.2916666567325592, 0.28125, 0.2916666567325592, 0.3125, 0.3229166567325592, 0.2916666567325592, 0.3020833432674408, 0.3125, 0.3229166567325592, 0.3125, 0.3125]}, {"train_loss": [8.97251582145691, 7.301578640937805, 6.5252779722213745, 6.016970634460449, 5.602717638015747, 5.2339441776275635, 4.922228217124939, 4.621966123580933, 4.321386694908142, 4.041327238082886, 3.7568333745002747, 3.541805386543274, 3.2797154784202576, 3.029244542121887], "train_Accuracy": [0.18489583395421505, 0.375, 0.4765625, 0.4895833283662796, 0.518229179084301, 0.5833333358168602, 0.5989583283662796, 0.6171875, 0.6640625, 0.6770833283662796, 0.7083333432674408, 0.7369791716337204, 0.7578125, 0.7838541716337204], "val_loss": [2.080186605453491, 1.9788856506347656, 1.9243460893630981, 1.900326132774353, 1.9171487092971802, 1.918880820274353, 1.9270721673965454, 1.9451481103897095, 1.9636272192001343, 1.9733848571777344, 2.0156707763671875, 2.04095458984375, 2.0858356952667236, 2.1325323581695557], "val_Accuracy": [0.2604166567325592, 0.2916666567325592, 0.3020833432674408, 0.34375, 0.3541666567325592, 0.3645833432674408, 0.3333333432674408, 0.3541666567325592, 0.3541666567325592, 0.3541666567325592, 0.3645833432674408, 0.3958333432674408, 0.375, 0.3854166567325592]}, {"train_loss": [8.970811605453491, 7.646132469177246, 6.966151475906372, 6.418196320533752, 6.002289652824402, 5.622070074081421, 5.27897572517395, 4.954079985618591, 4.7131946086883545, 4.418471574783325, 4.117479979991913, 3.844289720058441, 3.6148146390914917, 3.343349874019623, 3.127420127391815, 2.9530916810035706], "train_Accuracy": [0.16145833395421505, 0.3541666567325592, 0.4010416716337204, 0.4713541567325592, 0.4895833432674408, 0.533854179084301, 0.5598958432674408, 0.5911458283662796, 0.6119791716337204, 0.6458333432674408, 0.6692708283662796, 0.7057291716337204, 0.7083333432674408, 0.7395833283662796, 0.7734375, 0.7708333283662796], "val_loss": [1.9680930376052856, 1.7529253959655762, 1.6528853178024292, 1.6132854223251343, 1.5844125747680664, 1.5738617181777954, 1.5788583755493164, 1.5832096338272095, 1.5932774543762207, 1.5812181234359741, 1.5930891036987305, 1.5954256057739258, 1.6272035837173462, 1.635995864868164, 1.6543688774108887, 1.6769119501113892], "val_Accuracy": [0.34375, 0.3958333432674408, 0.46875, 0.4270833432674408, 0.4479166567325592, 0.4479166567325592, 0.4479166567325592, 0.4479166567325592, 0.4270833432674408, 0.40625, 0.4375, 0.4166666567325592, 0.40625, 0.40625, 0.3958333432674408, 0.40625]}, {"train_loss": [9.098656177520752, 7.609464764595032, 6.8792338371276855, 6.334094166755676, 5.887086987495422, 5.436244010925293, 5.043851733207703, 4.649128317832947, 4.297728002071381, 3.947641134262085, 3.611770212650299, 3.3833208084106445, 3.047553777694702, 2.7563896775245667, 2.4760436415672302, 2.2568488121032715, 2.024154931306839, 1.7904565632343292], "train_Accuracy": [0.1875000037252903, 0.3697916641831398, 0.453125, 0.4843750074505806, 0.5416666716337204, 0.5989583432674408, 0.6328125, 0.6588541716337204, 0.6979166567325592, 0.7369791567325592, 0.7682291567325592, 0.7708333283662796, 0.8046874850988388, 0.8411458283662796, 0.8541666716337204, 0.8697916716337204, 0.9062499850988388, 0.9244791716337204], "val_loss": [2.1144518852233887, 1.9837692975997925, 1.8902454376220703, 1.8244627714157104, 1.781906008720398, 1.7457479238510132, 1.7255040407180786, 1.715883731842041, 1.7260850667953491, 1.719835877418518, 1.7303520441055298, 1.7458328008651733, 1.7759637832641602, 1.8091764450073242, 1.8142485618591309, 1.842908501625061, 1.8498822450637817, 1.8553518056869507], "val_Accuracy": [0.2291666716337204, 0.28125, 0.3333333432674408, 0.3541666567325592, 0.3541666567325592, 0.3645833432674408, 0.3958333432674408, 0.4166666567325592, 0.40625, 0.4270833432674408, 0.4375, 0.4270833432674408, 0.4270833432674408, 0.4166666567325592, 0.4375, 0.4375, 0.4270833432674408, 0.4270833432674408]}], "melc": []}}