{"cnn": {"mfcc": [{"train_loss": [9.602349996566772, 8.723972082138062, 8.120532870292664, 7.682473659515381, 7.050564169883728, 6.923152685165405, 6.5612828731536865, 6.138256072998047, 6.151270627975464, 5.882522463798523, 5.782659530639648, 5.433031439781189, 5.520420551300049, 5.450314044952393, 5.020709276199341, 4.684642195701599, 4.97187876701355, 5.08513879776001, 5.090180158615112, 4.61751127243042, 4.2908772230148315, 4.864212274551392, 4.3366318345069885, 4.236837923526764, 4.157061815261841, 4.47477525472641, 4.0862016677856445, 4.167060494422913, 3.88583904504776, 3.7098872661590576, 3.8478305339813232, 3.888392925262451, 3.8734142780303955, 3.4818643927574158, 3.4782512187957764, 3.5964938402175903, 3.0765541195869446, 3.292941451072693, 3.733599305152893], "train_Accuracy": [0.13499999977648258, 0.22749999910593033, 0.2824999988079071, 0.3149999976158142, 0.3974999934434891, 0.3700000047683716, 0.369999997317791, 0.4349999949336052, 0.4299999922513962, 0.4350000023841858, 0.4725000038743019, 0.5024999976158142, 0.48250000178813934, 0.4924999922513962, 0.5550000071525574, 0.5549999922513962, 0.5324999988079071, 0.5650000050663948, 0.560000017285347, 0.5925000011920929, 0.6224999874830246, 0.5425000041723251, 0.6025000065565109, 0.6174999922513962, 0.6075000017881393, 0.5700000077486038, 0.625, 0.6149999797344208, 0.6599999964237213, 0.6775000095367432, 0.6450000107288361, 0.6624999940395355, 0.6475000083446503, 0.6950000077486038, 0.6700000017881393, 0.6500000059604645, 0.7199999988079071, 0.7100000083446503, 0.6525000035762787], "val_loss": [2.247122287750244, 2.077080011367798, 1.9530316591262817, 1.8257123231887817, 1.6835625171661377, 1.6721965074539185, 1.5814839601516724, 1.5204163789749146, 1.5985740423202515, 1.4469267129898071, 1.4221529960632324, 1.3238892555236816, 1.6701852083206177, 1.3892948627471924, 1.3595067262649536, 1.29007887840271, 1.3421664237976074, 1.280226230621338, 1.2759414911270142, 1.301344871520996, 1.4398629665374756, 1.3259310722351074, 1.5428414344787598, 1.7050036191940308, 1.4418247938156128, 1.338782787322998, 1.436991572380066, 1.3301724195480347, 1.1847138404846191, 1.297885537147522, 1.3616653680801392, 1.6360543966293335, 1.463259220123291, 1.521530270576477, 1.3277485370635986, 1.2517426013946533, 1.3611582517623901, 1.4042234420776367, 1.52228581905365], "val_Accuracy": [0.1899999976158142, 0.27000001072883606, 0.2800000011920929, 0.4099999964237213, 0.5, 0.4099999964237213, 0.38999998569488525, 0.4699999988079071, 0.36000001430511475, 0.5400000214576721, 0.5600000023841858, 0.550000011920929, 0.36000001430511475, 0.5299999713897705, 0.5299999713897705, 0.6200000047683716, 0.5199999809265137, 0.5799999833106995, 0.5799999833106995, 0.5400000214576721, 0.4699999988079071, 0.550000011920929, 0.4699999988079071, 0.44999998807907104, 0.5, 0.5899999737739563, 0.4699999988079071, 0.5699999928474426, 0.6100000143051147, 0.5400000214576721, 0.5400000214576721, 0.41999998688697815, 0.49000000953674316, 0.5099999904632568, 0.5600000023841858, 0.5799999833106995, 0.5600000023841858, 0.5699999928474426, 0.5099999904632568]}, {"train_loss": [10.008438348770142, 9.134170770645142, 8.754384517669678, 8.312339305877686, 7.960011005401611, 7.455037832260132, 7.1192344427108765, 6.941672205924988, 6.507999539375305, 6.2449856996536255, 6.0354307889938354, 5.8260756731033325, 5.83543074131012, 5.6847474575042725, 5.71400249004364, 5.743586778640747, 5.268537759780884, 5.318636775016785, 5.02573025226593, 5.01419985294342, 5.225714206695557, 5.0029919147491455, 4.564109563827515, 4.345974326133728, 4.510577917098999, 4.452719449996948, 4.568859934806824, 4.333640933036804, 4.168929815292358, 3.8734453320503235, 4.232431411743164, 3.9635703563690186, 3.983740746974945], "train_Accuracy": [0.11749999970197678, 0.15500000305473804, 0.22499999776482582, 0.26750000193715096, 0.2800000086426735, 0.32250000536441803, 0.3450000062584877, 0.36249999701976776, 0.39249999821186066, 0.42500000447034836, 0.4350000023841858, 0.4449999928474426, 0.4725000038743019, 0.4650000035762787, 0.48750000447034836, 0.47749999165534973, 0.5150000005960464, 0.5275000035762787, 0.5375000014901161, 0.5450000017881393, 0.5300000086426735, 0.5374999940395355, 0.5899999886751175, 0.6024999916553497, 0.5499999970197678, 0.5799999982118607, 0.5974999964237213, 0.6099999994039536, 0.6299999952316284, 0.6574999988079071, 0.6225000023841858, 0.6450000107288361, 0.6474999934434891], "val_loss": [2.292407751083374, 2.1949195861816406, 2.0667989253997803, 1.9397846460342407, 1.818068265914917, 1.7229794263839722, 1.624812364578247, 1.664486050605774, 1.5175186395645142, 1.5296608209609985, 1.4963897466659546, 1.3938014507293701, 1.3302501440048218, 1.4741953611373901, 1.6659244298934937, 1.4765435457229614, 1.4167141914367676, 1.262211561203003, 1.3474289178848267, 1.3110309839248657, 1.254274606704712, 1.1949595212936401, 1.1223844289779663, 1.4806180000305176, 1.413240909576416, 1.4232193231582642, 1.1976964473724365, 1.2563997507095337, 1.2368662357330322, 1.6417977809906006, 1.3753395080566406, 1.2832136154174805, 1.390342116355896], "val_Accuracy": [0.11999999731779099, 0.25, 0.3499999940395355, 0.36000001430511475, 0.3700000047683716, 0.36000001430511475, 0.41999998688697815, 0.3499999940395355, 0.4000000059604645, 0.41999998688697815, 0.49000000953674316, 0.47999998927116394, 0.5099999904632568, 0.4099999964237213, 0.46000000834465027, 0.44999998807907104, 0.49000000953674316, 0.550000011920929, 0.5400000214576721, 0.49000000953674316, 0.5199999809265137, 0.5400000214576721, 0.6399999856948853, 0.5099999904632568, 0.5099999904632568, 0.49000000953674316, 0.5899999737739563, 0.5899999737739563, 0.6100000143051147, 0.46000000834465027, 0.5899999737739563, 0.5400000214576721, 0.5099999904632568]}, {"train_loss": [9.467631340026855, 8.768973112106323, 8.327574253082275, 7.601975798606873, 7.123695135116577, 6.92233669757843, 6.331565737724304, 6.133758068084717, 6.215643882751465, 5.905956745147705, 5.484214544296265, 5.474453687667847, 5.411994814872742, 5.22079861164093, 5.177708029747009, 4.884342193603516, 4.795374631881714, 4.77925181388855, 4.41646134853363, 4.58972430229187, 4.42023491859436, 4.332479357719421, 4.389684319496155, 4.183016657829285, 4.135229170322418, 4.323542594909668, 3.8652396202087402, 4.09733772277832], "train_Accuracy": [0.1274999976158142, 0.1899999976158142, 0.29749999940395355, 0.3400000035762787, 0.3774999976158142, 0.3825000077486038, 0.45749999582767487, 0.4374999925494194, 0.4625000059604645, 0.4375, 0.48249999433755875, 0.5024999901652336, 0.5274999961256981, 0.5424999892711639, 0.5225000083446503, 0.5649999976158142, 0.5499999821186066, 0.5474999994039536, 0.612500011920929, 0.5775000005960464, 0.5899999886751175, 0.6024999916553497, 0.5925000011920929, 0.6324999928474426, 0.6225000023841858, 0.6100000143051147, 0.637499988079071, 0.6624999940395355], "val_loss": [2.245770215988159, 2.1476521492004395, 1.972111463546753, 1.8401695489883423, 1.674599289894104, 1.6333906650543213, 1.5828258991241455, 1.480919599533081, 1.5007916688919067, 1.3719334602355957, 1.4045403003692627, 1.3427478075027466, 1.4224252700805664, 1.337266445159912, 1.2930502891540527, 1.4491194486618042, 1.5025839805603027, 1.2392116785049438, 1.3240280151367188, 1.4647959470748901, 1.274560809135437, 1.3480933904647827, 1.3311357498168945, 1.3102596998214722, 1.3013149499893188, 1.3404051065444946, 1.260613203048706, 1.429680585861206],