{"rnn": {"mfcc": [], "melc": [{"train_loss": [9.201978921890259, 8.670013904571533, 8.40043830871582, 8.430616855621338, 8.172832012176514, 8.086972117424011, 8.025062322616577, 8.183827877044678, 7.853545069694519, 7.962463855743408, 7.88266658782959, 7.692786335945129, 7.498250365257263, 7.843276381492615, 7.738563179969788, 7.902658104896545, 7.555718302726746, 8.276972770690918, 7.70901095867157, 7.420718431472778, 7.494823694229126, 7.322695374488831, 7.487796783447266, 7.339279770851135], "train_Accuracy": [0.1380208320915699, 0.1875, 0.2265625, 0.234375, 0.2473958358168602, 0.2500000074505806, 0.3177083358168602, 0.2552083283662796, 0.2812500037252903, 0.2578124962747097, 0.3098958358168602, 0.2890625037252903, 0.3307291567325592, 0.3151041641831398, 0.2890625, 0.2552083358168602, 0.3333333358168602, 0.2578124962747097, 0.3229166641831398, 0.3671875, 0.3307291567325592, 0.3333333358168602, 0.3177083283662796, 0.3723958358168602], "val_loss": [2.243809938430786, 2.1967365741729736, 2.222228765487671, 2.23758602142334, 2.2966954708099365, 2.2660040855407715, 2.195668935775757, 2.222381353378296, 2.2322351932525635, 2.18454647064209, 2.1510913372039795, 2.181826591491699, 2.1256258487701416, 2.0685901641845703, 2.175745725631714, 2.0753815174102783, 2.2018520832061768, 2.2737293243408203, 2.1145100593566895, 2.128812074661255, 2.152367115020752, 2.0781641006469727, 2.1173958778381348, 2.081132650375366], "val_Accuracy": [0.2083333283662796, 0.15625, 0.1666666716337204, 0.25, 0.1666666716337204, 0.1875, 0.2083333283662796, 0.1979166716337204, 0.1875, 0.2291666716337204, 0.21875, 0.1770833283662796, 0.2604166567325592, 0.21875, 0.2083333283662796, 0.21875, 0.1979166716337204, 0.15625, 0.2291666716337204, 0.2708333432674408, 0.25, 0.2916666567325592, 0.2291666716337204, 0.28125]}, {"train_loss": [9.242918491363525, 8.776193618774414, 8.394888162612915, 8.116132974624634, 8.191756010055542, 8.198454022407532, 8.477364778518677, 8.22223675251007, 8.105197310447693, 8.109575510025024, 8.112285137176514, 8.07317841053009, 8.000535130500793, 8.165237069129944, 8.158551812171936, 7.872573614120483, 8.075552225112915, 8.40229320526123, 8.083837151527405, 8.051831603050232, 7.819692492485046, 8.180347204208374, 8.449803113937378, 7.951197981834412, 7.87265419960022], "train_Accuracy": [0.14583333395421505, 0.1979166641831398, 0.2421875037252903, 0.25, 0.2473958358168602, 0.2552083283662796, 0.21875, 0.2526041679084301, 0.2526041679084301, 0.2526041716337204, 0.25, 0.2473958320915699, 0.2682291679084301, 0.2265624962747097, 0.2630208320915699, 0.2786458320915699, 0.2708333320915699, 0.2291666679084301, 0.2500000037252903, 0.2604166679084301, 0.2942708283662796, 0.2421875, 0.2291666641831398, 0.2395833358168602, 0.2552083358168602], "val_loss": [2.217940092086792, 2.1277074813842773, 2.1654303073883057, 2.075453519821167, 2.1060423851013184, 2.043914794921875, 2.0752906799316406, 2.1027305126190186, 2.037400960922241, 2.0603857040405273, 2.0882568359375, 2.0571582317352295, 2.062354803085327, 2.1406338214874268, 1.99933660030365, 2.043712854385376, 2.121487855911255, 2.197350263595581, 2.127803087234497, 2.01755690574646, 2.0163261890411377, 2.1354761123657227, 2.1659884452819824, 2.159163475036621, 2.1366264820098877], "val_Accuracy": [0.1875, 0.2083333283662796, 0.2708333432674408, 0.2708333432674408, 0.2083333283662796, 0.2708333432674408, 0.3020833432674408, 0.25, 0.2916666567325592, 0.2708333432674408, 0.2395833283662796, 0.28125, 0.2604166567325592, 0.1666666716337204, 0.3229166567325592, 0.21875, 0.25, 0.1458333283662796, 0.2395833283662796, 0.2604166567325592, 0.25, 0.2604166567325592, 0.1875, 0.2083333283662796, 0.2395833283662796]}, {"train_loss": [9.331660509109497, 8.683679103851318, 8.36918568611145, 8.118177890777588, 8.100446581840515, 8.11166250705719, 8.16844916343689, 8.08924424648285, 7.921811580657959, 7.95022177696228, 7.791192650794983, 7.666396975517273, 7.441037654876709, 7.442844867706299, 7.542274713516235, 7.4801294803619385, 7.242120146751404, 7.330445647239685, 7.325130462646484, 7.4526755809783936, 7.5722455978393555, 7.679901123046875, 7.545571327209473], "train_Accuracy": [0.0989583320915699, 0.1875, 0.2447916679084301, 0.2838541641831398, 0.2526041716337204, 0.2552083358168602, 0.2656249962747097, 0.2473958283662796, 0.2786458283662796, 0.2786458283662796, 0.3229166716337204, 0.3072916641831398, 0.3385416641831398, 0.3411458283662796, 0.3385416641831398, 0.3463541641831398, 0.3619791716337204, 0.3463541641831398, 0.3645833283662796, 0.3333333283662796, 0.3151041716337204, 0.3125, 0.3541666641831398], "val_loss": [2.275367259979248, 2.1625404357910156, 2.0855255126953125, 2.009789228439331, 2.057321548461914, 2.1051883697509766, 2.025624990463257, 2.0734610557556152, 2.021446943283081, 2.028201103210449, 1.9802926778793335, 1.966566562652588, 1.9280914068222046, 2.0452823638916016, 1.9849390983581543, 1.93356454372406, 1.9908841848373413, 1.9336923360824585, 1.935101866722107, 2.0146238803863525, 1.936043381690979, 2.050137519836426, 2.023428201675415], "val_Accuracy": [0.1354166716337204, 0.21875, 0.2083333283662796, 0.2916666567325592, 0.2604166567325592, 0.2083333283662796, 0.3229166567325592, 0.1875, 0.2708333432674408, 0.2604166567325592, 0.2916666567325592, 0.2708333432674408, 0.3229166567325592, 0.2604166567325592, 0.3020833432674408, 0.3020833432674408, 0.3020833432674408, 0.34375, 0.2395833283662796, 0.2708333432674408, 0.3229166567325592, 0.21875, 0.2708333432674408]}, {"train_loss": [9.463146448135376, 8.932165622711182, 8.77759599685669, 8.517673015594482, 8.418525218963623, 8.312167882919312, 8.393303394317627, 8.241744875907898, 8.108324766159058, 8.104789018630981, 7.880166411399841, 7.959900617599487, 7.996227145195007, 7.68404233455658, 7.782558917999268, 7.814227819442749, 7.600268840789795, 7.424837827682495, 7.5899131298065186, 8.03091287612915, 7.782405972480774, 7.721806645393372, 7.9277122020721436, 7.903220295906067, 7.723093271255493, 7.39368200302124, 7.581284523010254], "train_Accuracy": [0.0963541641831398, 0.1822916641831398, 0.1901041641831398, 0.2161458283662796, 0.2786458358168602, 0.2682291679084301, 0.2369791716337204, 0.2526041679084301, 0.2526041641831398, 0.2604166753590107, 0.2968749925494194, 0.296875, 0.2812499925494194, 0.3203124925494194, 0.3072916716337204, 0.2890625, 0.3333333358168602, 0.3411458358168602, 0.328125, 0.2473958283662796, 0.2916666641831398, 0.2942708358168602, 0.2604166641831398, 0.3046874925494194, 0.3072916716337204, 0.3281249925494194, 0.3020833320915699], "val_loss": [2.233785390853882, 2.2411327362060547, 2.1841511726379395, 2.1774582862854004, 2.0868141651153564, 2.137454032897949, 2.205570936203003, 2.0879178047180176, 2.095090627670288, 2.074202060699463, 2.1196038722991943, 2.065561294555664, 2.003965139389038, 1.988058090209961, 1.9921411275863647, 1.9863184690475464, 1.8931126594543457, 2.0081844329833984, 2.1233928203582764, 2.0774765014648438, 2.005014657974243, 2.0820751190185547, 2.0015833377838135, 1.9311515092849731, 1.9854388236999512, 2.004429578781128, 2.028663396835327],