{"rnn": {"mfcc": [], "melc": [{"train_loss": [9.423316478729248, 8.905146360397339, 8.756706953048706, 8.51078462600708, 8.411451578140259, 8.428781032562256, 8.433212280273438, 8.198693037033081, 8.225210666656494, 8.425053834915161, 8.068775415420532, 8.052333116531372, 7.906575322151184, 8.110676884651184, 8.019247770309448, 8.134761571884155, 8.018040180206299, 8.086654663085938], "train_Accuracy": [0.08593750093132257, 0.171875, 0.1875000037252903, 0.2239583320915699, 0.2578124962747097, 0.2187499962747097, 0.2604166641831398, 0.2578125037252903, 0.2343749962747097, 0.2447916641831398, 0.2916666716337204, 0.2786458283662796, 0.2864583358168602, 0.2630208320915699, 0.2786458246409893, 0.2500000037252903, 0.2526041679084301, 0.2682291641831398], "val_loss": [2.294138193130493, 2.3174431324005127, 2.2999064922332764, 2.3273985385894775, 2.271829605102539, 2.2995872497558594, 2.270279884338379, 2.252448320388794, 2.26409912109375, 2.307079792022705, 2.3051412105560303, 2.2985317707061768, 2.2667131423950195, 2.267132520675659, 2.273141622543335, 2.300698757171631, 2.2943127155303955, 2.267631769180298], "val_Accuracy": [0.1666666716337204, 0.1666666716337204, 0.1666666716337204, 0.21875, 0.1875, 0.1770833283662796, 0.21875, 0.2083333283662796, 0.2083333283662796, 0.1354166716337204, 0.2083333283662796, 0.21875, 0.1666666716337204, 0.1875, 0.2395833283662796, 0.1666666716337204, 0.2291666716337204, 0.2395833283662796]}, {"train_loss": [9.19614839553833, 8.85958218574524, 8.631667375564575, 8.442343950271606, 8.413684606552124, 8.288410186767578, 8.248331546783447, 8.003547072410583, 8.013947010040283, 8.127605676651001, 8.487638473510742, 8.40186095237732, 8.456997871398926, 8.470189094543457, 8.374159097671509, 8.69851565361023, 8.40185809135437, 8.445610761642456, 8.228624820709229, 8.207448124885559, 8.070190668106079, 8.514764785766602, 8.22435438632965, 8.018744349479675, 7.8544217348098755, 8.019887924194336, 7.8328129053115845, 7.7853100299835205, 7.678125023841858, 7.80475378036499, 7.966521859169006, 7.637622594833374, 7.74003279209137, 7.799777269363403], "train_Accuracy": [0.1354166679084301, 0.1666666679084301, 0.1744791641831398, 0.1927083320915699, 0.21875, 0.2421874962747097, 0.2473958320915699, 0.2734374962747097, 0.2838541641831398, 0.2552083358168602, 0.2239583320915699, 0.2421874962747097, 0.2213541641831398, 0.1979166679084301, 0.2057291716337204, 0.171875, 0.2291666641831398, 0.1979166679084301, 0.2552083320915699, 0.2343750037252903, 0.2317708320915699, 0.1744791641831398, 0.2499999962747097, 0.2682291679084301, 0.2864583358168602, 0.265625, 0.2864583358168602, 0.2968749925494194, 0.2994791641831398, 0.2890625074505806, 0.2786458358168602, 0.3046874925494194, 0.2864583358168602, 0.2838541641831398], "val_loss": [2.272810697555542, 2.236435890197754, 2.252460479736328, 2.2449791431427, 2.3043789863586426, 2.3154759407043457, 2.25789475440979, 2.275615692138672, 2.230013608932495, 2.3038930892944336, 2.2969601154327393, 2.3672399520874023, 2.240926742553711, 2.3065197467803955, 2.2722811698913574, 2.229149103164673, 2.3219029903411865, 2.186645269393921, 2.178295135498047, 2.303971529006958, 2.2330353260040283, 2.3110220432281494, 2.154827356338501, 2.11867356300354, 2.152582883834839, 2.173367738723755, 2.155600070953369, 2.1785051822662354, 2.184608221054077, 2.1374714374542236, 2.1515085697174072, 2.1439969539642334, 2.1861279010772705, 2.1407291889190674], "val_Accuracy": [0.15625, 0.1770833283662796, 0.21875, 0.21875, 0.1875, 0.1979166716337204, 0.2291666716337204, 0.1666666716337204, 0.25, 0.2083333283662796, 0.1666666716337204, 0.15625, 0.1666666716337204, 0.21875, 0.1979166716337204, 0.21875, 0.2083333283662796, 0.25, 0.2395833283662796, 0.1979166716337204, 0.21875, 0.2083333283662796, 0.25, 0.2708333432674408, 0.3125, 0.2291666716337204, 0.2604166567325592, 0.2083333283662796, 0.2916666567325592, 0.25, 0.2708333432674408, 0.3125, 0.25, 0.28125]}, {"train_loss": [9.458812952041626, 8.963115453720093, 8.62012529373169, 8.388168811798096, 8.265323519706726, 8.405364990234375, 8.011343002319336, 7.878458738327026, 8.177618384361267, 8.46168851852417, 8.573831796646118, 8.452767848968506, 8.362637758255005, 8.157710790634155, 8.156497240066528, 8.267055988311768, 8.010652661323547], "train_Accuracy": [0.11197916604578495, 0.1458333358168602, 0.2239583320915699, 0.2239583320915699, 0.2369791641831398, 0.2291666679084301, 0.2890625037252903, 0.2812500074505806, 0.2552083395421505, 0.2031250037252903, 0.2421875, 0.234375, 0.2213541679084301, 0.2369791641831398, 0.25, 0.2447916641831398, 0.28125], "val_loss": [2.2192742824554443, 2.1664505004882812, 2.0769402980804443, 2.0716354846954346, 2.1095521450042725, 2.1534481048583984, 1.9540423154830933, 2.005432367324829, 2.0511701107025146, 2.137519598007202, 2.1864731311798096, 2.1632657051086426, 2.0632195472717285, 2.049497604370117, 2.073697328567505, 2.0391082763671875, 2.0473287105560303], "val_Accuracy": [0.1770833283662796, 0.21875, 0.28125, 0.2291666716337204, 0.21875, 0.2291666716337204, 0.25, 0.3020833432674408, 0.2604166567325592, 0.125, 0.1770833283662796, 0.2083333283662796, 0.2291666716337204, 0.2395833283662796, 0.2291666716337204, 0.2395833283662796, 0.1875]}, {"train_loss": [9.398834943771362, 8.953247308731079, 8.511409282684326, 8.397738695144653, 8.065347790718079, 8.11506474018097, 8.217311263084412, 8.172943592071533, 8.033753395080566, 8.170413255691528, 7.948120951652527, 7.896496772766113, 7.923051238059998, 7.92964768409729, 8.014045357704163, 7.999794602394104, 7.954287767410278, 8.159240961074829, 8.018767952919006, 7.658851981163025, 7.931947350502014, 7.746723294258118, 7.79347038269043, 7.849575877189636, 8.04364013671875, 7.838268041610718, 8.066919088363647, 7.732701778411865, 7.8389692306518555, 7.860122084617615, 7.759433627128601, 7.790281772613525, 7.680649995803833, 7.979635715484619, 7.483140349388123, 7.408378481864929, 7.465121626853943, 7.801789402961731], "train_Accuracy": [0.125, 0.1901041679084301, 0.2265625037252903, 0.2317708320915699, 0.2604166679084301, 0.2447916679084301, 0.2447916679084301, 0.28125, 0.2447916604578495, 0.2630208283662796, 0.2578125, 0.3020833283662796, 0.296875, 0.2760416641831398, 0.2838541641831398, 0.2578125, 0.2734374925494194, 0.2708333320915699, 0.2526041604578495, 0.3020833283662796, 0.2786458395421505, 0.2838541716337204, 0.2916666641831398, 0.2682291716337204, 0.2604166716337204, 0.2786458320915699, 0.2708333283662796, 0.2890624962747097, 0.2890625037252903, 0.2708333283662796, 0.2968750037252903, 0.2994791641831398, 0.2942708283662796, 0.2760416679084301, 0.3203125, 0.3307291716337204, 0.3046875074505806, 0.2864583283662796], "val_loss": [2.2879176139831543, 2.1823904514312744, 2.178593397140503, 2.1515207290649414, 2.1183218955993652, 2.1049435138702393, 2.0775198936462402, 2.201672077178955, 2.1788954734802246, 2.1006672382354736, 2.119311571121216, 2.1468350887298584, 2.083104372024536, 2.136821746826172, 2.0581865310668945, 2.0710055828094482, 2.144622564315796, 2.148674488067627, 2.1038882732391357, 2.0531351566314697, 2.085603713989258, 2.0526692867279053, 2.0252225399017334, 2.1072676181793213, 2.167757272720337, 2.0847766399383545, 2.073310613632202, 2.020487070083618, 2.1211137771606445, 2.137988805770874, 2.1392557621002197, 2.154285430908203, 2.1341707706451416, 2.1146628856658936, 2.025815963745117, 2.053379535675049, 2.127018690109253, 2.16736102104187],