{"lstm": {"mfcc": [], "melc": [{"train_loss": [8.969186782836914, 8.13423764705658, 7.457718729972839, 6.967352747917175, 6.539892673492432, 6.874374032020569, 6.598745346069336, 5.91078245639801, 5.761859774589539, 5.557305455207825, 5.495869040489197, 5.079727411270142, 4.883211731910706, 4.878825306892395, 4.848829030990601, 4.906341075897217, 4.507389783859253, 4.78168249130249, 4.243607878684998, 4.182848572731018, 4.08237236738205, 4.641538858413696], "train_Accuracy": [0.1848958320915699, 0.3203125074505806, 0.3697916641831398, 0.3984375, 0.4296875074505806, 0.3541666641831398, 0.4010416641831398, 0.4661458358168602, 0.4713541716337204, 0.4895833358168602, 0.5208333358168602, 0.5572916716337204, 0.5885416716337204, 0.5807291716337204, 0.6041666716337204, 0.5494791716337204, 0.6067708283662796, 0.5677083283662796, 0.6536458283662796, 0.6328125, 0.6510416716337204, 0.5911458283662796], "val_loss": [2.168158531188965, 2.005215644836426, 1.848070740699768, 1.8750964403152466, 1.7267144918441772, 1.807352900505066, 1.6976957321166992, 1.6206973791122437, 1.5675500631332397, 1.6213144063949585, 1.5541781187057495, 1.4856147766113281, 1.5337467193603516, 1.6127146482467651, 1.5153471231460571, 1.544986367225647, 1.6055265665054321, 1.5353050231933594, 1.5540885925292969, 1.6527067422866821, 1.608787178993225, 1.5350943803787231], "val_Accuracy": [0.3020833432674408, 0.3854166567325592, 0.4270833432674408, 0.2916666567325592, 0.3541666567325592, 0.3541666567325592, 0.40625, 0.4270833432674408, 0.40625, 0.4375, 0.3958333432674408, 0.4791666567325592, 0.4791666567325592, 0.4479166567325592, 0.4375, 0.375, 0.4479166567325592, 0.5416666865348816, 0.46875, 0.40625, 0.4791666567325592, 0.4583333432674408]}, {"train_loss": [9.069161415100098, 8.31795358657837, 7.169974327087402, 6.29127311706543, 6.455260276794434, 6.072944521903992, 5.770386457443237, 5.563039302825928, 5.04154098033905, 4.777141451835632, 4.849360227584839, 4.422885179519653, 4.329220294952393, 4.068130612373352, 3.8739296197891235, 3.6210482120513916, 3.8022722005844116, 3.7632561326026917, 3.780238389968872, 3.5909394025802612, 3.3017080426216125, 3.418713390827179, 3.1665115356445312, 3.755196213722229, 3.5087209939956665, 3.6191455125808716, 3.4630954265594482, 3.017833411693573, 2.835061192512512, 2.49791020154953, 2.4737496972084045, 2.408858597278595, 2.5461121201515198, 2.329795241355896, 2.359449625015259, 2.3314940333366394, 2.5407180786132812, 2.1804119646549225], "train_Accuracy": [0.15104166977107525, 0.3359375, 0.4192708283662796, 0.4479166641831398, 0.4192708358168602, 0.4661458358168602, 0.463541679084301, 0.497395820915699, 0.5468750149011612, 0.5572916716337204, 0.5416666716337204, 0.5989583432674408, 0.6119791716337204, 0.609375, 0.6614583283662796, 0.6666666567325592, 0.6588541716337204, 0.6822916716337204, 0.6588541716337204, 0.6979166716337204, 0.7239583283662796, 0.7083333432674408, 0.7421875, 0.6640625, 0.6848958432674408, 0.6666666567325592, 0.6770833283662796, 0.7630208432674408, 0.7552083283662796, 0.7708333432674408, 0.7864583283662796, 0.7864583283662796, 0.7838541716337204, 0.7994791716337204, 0.8203125, 0.7994791716337204, 0.7864583432674408, 0.8333333432674408], "val_loss": [2.1890361309051514, 1.9545789957046509, 1.7788645029067993, 1.8671369552612305, 1.7629938125610352, 1.5904353857040405, 1.5465139150619507, 1.652645468711853, 1.6400152444839478, 1.569262146949768, 1.4714407920837402, 1.3657722473144531, 1.432912826538086, 1.4874210357666016, 1.4342914819717407, 1.387751579284668, 1.4120289087295532, 1.4466967582702637, 1.389474868774414, 1.2577074766159058, 1.2655004262924194, 1.3215101957321167, 1.3416452407836914, 1.3853973150253296, 1.536582589149475, 1.5906577110290527, 1.3362821340560913, 1.2139948606491089, 1.3246155977249146, 1.273020625114441, 1.2733548879623413, 1.3460520505905151, 1.2946244478225708, 1.285697340965271, 1.3954859972000122, 1.4502654075622559, 1.520522952079773, 1.5450210571289062], "val_Accuracy": [0.2291666716337204, 0.3958333432674408, 0.3125, 0.3854166567325592, 0.375, 0.4270833432674408, 0.4375, 0.4270833432674408, 0.4583333432674408, 0.46875, 0.5208333134651184, 0.5729166865348816, 0.5, 0.5, 0.5208333134651184, 0.5625, 0.5208333134651184, 0.53125, 0.5625, 0.59375, 0.59375, 0.5729166865348816, 0.5833333134651184, 0.5625, 0.4791666567325592, 0.4479166567325592, 0.6145833134651184, 0.625, 0.5520833134651184, 0.59375, 0.625, 0.6041666865348816, 0.59375, 0.5833333134651184, 0.53125, 0.5416666865348816, 0.5416666865348816, 0.4791666567325592]}, {"train_loss": [9.060529708862305, 8.422049045562744, 7.776422023773193, 7.079931735992432, 6.807452201843262, 6.392062187194824, 6.131702542304993, 5.5546715259552, 5.504817605018616, 5.294493198394775, 5.0253719091415405, 5.3037203550338745, 5.1618393659591675, 4.917572379112244, 4.698856353759766, 4.707090258598328, 4.322866082191467, 4.543723464012146, 4.151976823806763, 4.093399703502655, 3.883240282535553, 3.6185340881347656, 3.8037615418434143, 4.061102628707886, 3.894153356552124, 3.276049554347992, 3.17246675491333, 3.2268382906913757, 3.060811460018158, 3.012809097766876, 3.4091476798057556, 2.930317759513855, 3.040800631046295, 2.728308916091919], "train_Accuracy": [0.13541666604578495, 0.28125, 0.3489583358168602, 0.390625, 0.4114583283662796, 0.4296875, 0.4479166716337204, 0.505208320915699, 0.4973958283662796, 0.5364583283662796, 0.5885416716337204, 0.5234375074505806, 0.5364583432674408, 0.5520833432674408, 0.5911458432674408, 0.5885416716337204, 0.6276041716337204, 0.5729166716337204, 0.6302083432674408, 0.6380208283662796, 0.6640625, 0.71875, 0.6770833283662796, 0.6614583283662796, 0.6614583283662796, 0.7395833432674408, 0.7161458283662796, 0.7213541716337204, 0.7421875, 0.7552083283662796, 0.7135416716337204, 0.75, 0.7421875, 0.7526041716337204], "val_loss": [2.159863233566284, 2.0043976306915283, 1.9303374290466309, 1.742876648902893, 1.737826943397522, 1.73385488986969, 1.6640996932983398, 1.6965432167053223, 1.6029272079467773, 1.6299818754196167, 1.6429243087768555, 1.5702942609786987, 1.402289867401123, 1.437185287475586, 1.445529580116272, 1.3550299406051636, 1.385039210319519, 1.4654804468154907, 1.481082558631897, 1.5072282552719116, 1.5297247171401978, 1.3775824308395386, 1.525484561920166, 1.331679344177246, 1.3418512344360352, 1.3417035341262817, 1.499989628791809, 1.4383772611618042, 1.465434193611145, 1.5500903129577637, 1.5704374313354492, 1.436864972114563, 1.594044804573059, 1.5119357109069824], "val_Accuracy": [0.3020833432674408, 0.3125, 0.3645833432674408, 0.40625, 0.3958333432674408, 0.3229166567325592, 0.4166666567325592, 0.3854166567325592, 0.3854166567325592, 0.40625, 0.4270833432674408, 0.4375, 0.4270833432674408, 0.4895833432674408, 0.40625, 0.4895833432674408, 0.4895833432674408, 0.3958333432674408, 0.4375, 0.4479166567325592, 0.4479166567325592, 0.46875, 0.4791666567325592, 0.53125, 0.5104166865348816, 0.5, 0.4895833432674408, 0.5, 0.5, 0.4791666567325592, 0.40625, 0.4895833432674408, 0.4375, 0.4583333432674408]}, {"train_loss": [8.941056728363037, 8.28181266784668, 7.624055624008179, 7.024211764335632, 6.910909056663513, 6.55163836479187, 6.205502271652222, 6.451287627220154, 5.853449106216431, 5.426605582237244, 5.09915292263031, 5.442299842834473, 5.49515438079834, 5.0551170110702515, 4.7550681829452515, 5.359221339225769, 5.077589750289917, 5.062707185745239, 4.880390167236328, 4.1919978857040405, 4.179603934288025, 4.182202696800232, 3.9230878949165344, 4.16718715429306, 4.015523552894592, 3.9360973834991455, 3.825338304042816, 3.758301317691803, 3.7481414675712585, 3.6980091333389282],