{"lstm": {"mfcc": [], "melc": [{"train_loss": [9.011277675628662, 8.23788332939148, 7.6061471700668335, 7.094493985176086, 6.665683746337891, 6.141396760940552, 5.9198150634765625, 5.6089805364608765, 5.676524877548218, 5.354023098945618, 5.165580630302429, 5.532393217086792, 5.36004114151001, 5.234099984169006, 5.175680041313171, 5.136031746864319, 5.395878434181213], "train_Accuracy": [0.18749999813735485, 0.3203124925494194, 0.3463541641831398, 0.3932291716337204, 0.4166666716337204, 0.453125, 0.4322916716337204, 0.484375, 0.4531250074505806, 0.5156249925494194, 0.5338541716337204, 0.4869791641831398, 0.5026041641831398, 0.4921875074505806, 0.510416679084301, 0.5286458507180214, 0.4973958358168602], "val_loss": [2.1456260681152344, 1.9874309301376343, 1.906211256980896, 1.813145637512207, 1.7192798852920532, 1.636121392250061, 1.5916852951049805, 1.819706916809082, 1.764245629310608, 1.64621102809906, 1.7608760595321655, 1.769492745399475, 1.6868047714233398, 1.848838210105896, 1.8272514343261719, 1.7871618270874023, 1.74837064743042], "val_Accuracy": [0.28125, 0.2708333432674408, 0.34375, 0.2916666567325592, 0.40625, 0.3333333432674408, 0.3958333432674408, 0.3333333432674408, 0.3854166567325592, 0.40625, 0.3333333432674408, 0.3333333432674408, 0.3854166567325592, 0.3333333432674408, 0.34375, 0.34375, 0.3854166567325592]}, {"train_loss": [9.007819175720215, 8.292815685272217, 7.317707896232605, 6.937195539474487, 6.178239941596985, 6.010610342025757, 5.706674814224243, 5.55626654624939, 5.394047737121582, 5.450299143791199, 5.16887891292572, 4.6622713804244995, 4.37808096408844, 4.174059808254242, 4.104315757751465, 4.313172817230225, 4.496215581893921, 4.051184296607971, 3.90218585729599, 4.312130331993103, 4.180843770503998, 3.78754460811615, 3.8839598298072815], "train_Accuracy": [0.18229166977107525, 0.34375, 0.3697916641831398, 0.3776041716337204, 0.4609375074505806, 0.4505208432674408, 0.4973958432674408, 0.5156250074505806, 0.5234375, 0.4739583358168602, 0.5338541865348816, 0.5677083283662796, 0.6015624850988388, 0.6093749850988388, 0.6067708432674408, 0.5963541716337204, 0.6119791716337204, 0.6302083432674408, 0.6328125, 0.5911458283662796, 0.6197916716337204, 0.6692708432674408, 0.6536458283662796], "val_loss": [2.1860885620117188, 1.984296202659607, 1.9115828275680542, 1.7654682397842407, 1.6941934823989868, 1.6335862874984741, 1.6608539819717407, 1.7251672744750977, 1.5334597826004028, 1.4893804788589478, 1.5050710439682007, 1.6049784421920776, 1.4039673805236816, 1.4483089447021484, 1.5169569253921509, 1.6730257272720337, 1.4837573766708374, 1.5418084859848022, 1.5027070045471191, 1.730340600013733, 1.4744802713394165, 1.5177737474441528, 1.5751906633377075], "val_Accuracy": [0.2291666716337204, 0.3333333432674408, 0.3020833432674408, 0.3541666567325592, 0.4166666567325592, 0.4479166567325592, 0.3958333432674408, 0.4270833432674408, 0.4270833432674408, 0.4791666567325592, 0.4479166567325592, 0.4375, 0.4895833432674408, 0.4375, 0.4479166567325592, 0.3958333432674408, 0.5104166865348816, 0.4583333432674408, 0.46875, 0.4375, 0.4479166567325592, 0.4583333432674408, 0.4791666567325592]}, {"train_loss": [9.084108352661133, 8.614859580993652, 7.7901235818862915, 7.283384680747986, 7.004983305931091, 7.008103013038635, 6.506385326385498, 6.616525888442993, 6.379455089569092, 6.049310326576233, 5.8717135190963745, 5.689792633056641, 5.507727861404419, 5.166728496551514, 5.329020142555237, 5.369063377380371, 5.018638372421265, 5.211413860321045, 5.208655118942261, 4.668249845504761, 4.597601771354675, 4.5228787660598755, 4.483405113220215, 4.454596400260925, 4.4561545848846436, 4.607866644859314, 4.3545867800712585, 4.0979379415512085, 4.081513047218323, 4.142602920532227, 4.124871551990509, 3.8967803716659546, 3.946941912174225, 3.9838645458221436, 3.7389442324638367, 4.107825517654419, 4.295508086681366, 3.768023192882538], "train_Accuracy": [0.13802083395421505, 0.2630208283662796, 0.3098958283662796, 0.3359375, 0.4088541716337204, 0.375, 0.4348958283662796, 0.4192708358168602, 0.4270833358168602, 0.4479166641831398, 0.4661458358168602, 0.486979179084301, 0.4973958358168602, 0.5208333358168602, 0.5078125, 0.53125, 0.5312500074505806, 0.5130208283662796, 0.5000000149011612, 0.5859375, 0.578125, 0.5885416567325592, 0.5911458432674408, 0.5963541567325592, 0.5885416716337204, 0.5572916716337204, 0.5963541567325592, 0.6458333432674408, 0.6197916716337204, 0.6197916716337204, 0.6223958283662796, 0.6562500149011612, 0.65625, 0.640625, 0.6640625, 0.6041666716337204, 0.5989583283662796, 0.6666666716337204], "val_loss": [2.203218936920166, 2.0428273677825928, 1.885987639427185, 1.7904505729675293, 1.7375606298446655, 1.7277283668518066, 1.6708654165267944, 1.7755759954452515, 1.6030793190002441, 1.56692636013031, 1.5700139999389648, 1.5619035959243774, 1.498677134513855, 1.5603018999099731, 1.5662140846252441, 1.4988034963607788, 1.595838189125061, 1.598659873008728, 1.4493308067321777, 1.4451175928115845, 1.5014771223068237, 1.5082634687423706, 1.4290305376052856, 1.464503288269043, 1.5081731081008911, 1.4367189407348633, 1.4016450643539429, 1.3804656267166138, 1.5328582525253296, 1.4465560913085938, 1.4188429117202759, 1.4120817184448242, 1.4830260276794434, 1.5624972581863403, 1.4769783020019531, 1.533829689025879, 1.526261329650879, 1.6105666160583496], "val_Accuracy": [0.21875, 0.3229166567325592, 0.3125, 0.40625, 0.3645833432674408, 0.375, 0.4270833432674408, 0.40625, 0.4375, 0.40625, 0.4583333432674408, 0.3958333432674408, 0.46875, 0.3854166567325592, 0.46875, 0.4895833432674408, 0.46875, 0.4270833432674408, 0.5208333134651184, 0.4583333432674408, 0.5208333134651184, 0.4791666567325592, 0.4791666567325592, 0.53125, 0.5208333134651184, 0.46875, 0.4791666567325592, 0.4895833432674408, 0.4270833432674408, 0.4895833432674408, 0.5104166865348816, 0.5416666865348816, 0.4895833432674408, 0.5208333134651184, 0.4895833432674408, 0.4479166567325592, 0.46875, 0.4583333432674408]}, {"train_loss": [9.09796142578125, 8.552838325500488, 7.860845923423767, 7.388353228569031, 7.587382555007935, 7.583874464035034, 7.357257962226868, 7.271059513092041, 6.953561186790466, 6.439883589744568, 6.267224192619324, 5.843454957008362, 5.5062514543533325, 5.526838779449463, 5.190642356872559, 6.115822434425354, 5.7473368644714355, 5.783259868621826, 5.26568865776062, 5.037553548812866, 4.917768239974976, 4.593168616294861, 4.648477554321289, 4.775288939476013, 4.99142599105835, 4.616770625114441, 4.362589001655579, 4.30237203836441, 4.448275327682495, 4.470601797103882, 4.576376914978027, 4.598062872886658, 4.852477312088013, 5.091452717781067, 4.9044753313064575, 4.8144261837005615, 4.351560711860657, 4.072206437587738, 4.014057219028473, 3.7908886671066284, 3.9791886806488037, 4.948403716087341], "train_Accuracy": [0.1848958358168602, 0.296875, 0.3671875074505806, 0.34375, 0.3515625, 0.3125, 0.3177083320915699, 0.3567708283662796, 0.3932291716337204, 0.421875, 0.421875, 0.4817708283662796, 0.5286458432674408, 0.4973958358168602, 0.5286458432674408, 0.4713541716337204, 0.4843749925494194, 0.4531249925494194, 0.5338541716337204, 0.5572916716337204, 0.5468750074505806, 0.5755208432674408, 0.5729166716337204, 0.5755208432674408, 0.5520833432674408, 0.5807291716337204, 0.6145833283662796, 0.6145833283662796, 0.609375, 0.6119791716337204, 0.5338541641831398, 0.5807291567325592, 0.5546875, 0.5494791865348816, 0.5078124925494194, 0.5703125, 0.5989583283662796, 0.6458333283662796, 0.6328125, 0.6536458432674408, 0.6328125, 0.5156250074505806],